{"cameraMode":{"drawMode":0,"name":"Shaded","section":"Shading Mode"},"sceneLighting":false,"audioPlay":false,"sceneViewState":{"m_AlwaysRefresh":false,"showFog":true,"showSkybox":false,"showFlares":true,"showImageEffects":true,"showParticleSystems":true,"showVisualEffectGraphs":true,"m_FxEnabled":true},"in2DMode":false,"pivot":{"x":-0.0027061104774475099,"y":0.06457017362117768,"z":0.00337827205657959},"rotation":{"x":-0.38592398166656496,"y":0.07270323485136032,"z":-0.030525673180818559,"w":-0.9191978573799133},"size":1.0416206121444703,"orthographic":false}