{"cameraMode":{"drawMode":0,"name":"Shaded","section":"Shading Mode"},"sceneLighting":false,"audioPlay":false,"sceneViewState":{"m_AlwaysRefresh":false,"showFog":true,"showSkybox":false,"showFlares":true,"showImageEffects":true,"showParticleSystems":true,"showVisualEffectGraphs":true,"m_FxEnabled":true},"in2DMode":false,"pivot":{"x":0.12794965505599976,"y":0.05180400609970093,"z":-0.10774876177310944},"rotation":{"x":-0.21874283254146577,"y":0.733688473701477,"z":-0.27614837884902956,"w":-0.5810977220535278},"size":0.4399549961090088,"orthographic":false}