{"cameraMode":{"drawMode":0,"name":"Shaded","section":"Shading Mode"},"sceneLighting":false,"audioPlay":false,"sceneViewState":{"m_AlwaysRefresh":false,"showFog":true,"showSkybox":false,"showFlares":true,"showImageEffects":true,"showParticleSystems":true,"showVisualEffectGraphs":true,"m_FxEnabled":true},"in2DMode":false,"pivot":{"x":0.0032067298889160158,"y":-0.04321105033159256,"z":0.0026505589485168459},"rotation":{"x":-0.292830228805542,"y":-0.15880107879638673,"z":0.04937469959259033,"w":-0.9416332244873047},"size":0.8645461797714233,"orthographic":false}