{"cameraMode":{"drawMode":0,"name":"Shaded","section":"Shading Mode"},"sceneLighting":false,"audioPlay":false,"sceneViewState":{"m_AlwaysRefresh":false,"showFog":true,"showSkybox":false,"showFlares":true,"showImageEffects":true,"showParticleSystems":true,"showVisualEffectGraphs":true,"m_FxEnabled":true},"in2DMode":false,"pivot":{"x":0.004156887531280518,"y":-0.056014321744441989,"z":0.0034359097480773927},"rotation":{"x":0.3778325319290161,"y":0.0753852054476738,"z":-0.031100578606128694,"w":0.922349750995636},"size":1.1207079887390137,"orthographic":false}