{"cameraMode":{"drawMode":0,"name":"Shaded","section":"Shading Mode"},"sceneLighting":false,"audioPlay":false,"sceneViewState":{"m_AlwaysRefresh":false,"showFog":true,"showSkybox":false,"showFlares":true,"showImageEffects":true,"showParticleSystems":true,"showVisualEffectGraphs":true,"m_FxEnabled":true},"in2DMode":false,"pivot":{"x":-0.4507884979248047,"y":0.14027966558933259,"z":0.02656123787164688},"rotation":{"x":-0.005500409752130508,"y":-0.6796951293945313,"z":-0.0051000285893678669,"w":0.7335072159767151},"size":0.37442800402641299,"orthographic":false}