{"cameraMode":{"drawMode":0,"name":"Shaded","section":"Shading Mode"},"sceneLighting":false,"audioPlay":false,"sceneViewState":{"m_AlwaysRefresh":false,"showFog":true,"showSkybox":false,"showFlares":true,"showImageEffects":true,"showParticleSystems":true,"showVisualEffectGraphs":true,"m_FxEnabled":true},"in2DMode":false,"pivot":{"x":3.2782554626464846e-7,"y":0.04838867485523224,"z":-0.010237574577331543},"rotation":{"x":-0.24621114134788514,"y":0.1125306561589241,"z":-0.02882337011396885,"w":-0.9622513055801392},"size":0.17462049424648286,"orthographic":false}