{"cameraMode":{"drawMode":0,"name":"Shaded","section":"Shading Mode"},"sceneLighting":false,"audioPlay":false,"sceneViewState":{"m_AlwaysRefresh":false,"showFog":true,"showSkybox":false,"showFlares":true,"showImageEffects":true,"showParticleSystems":true,"showVisualEffectGraphs":true,"m_FxEnabled":true},"in2DMode":false,"pivot":{"x":9.313225746154786e-10,"y":0.008548780344426632,"z":0.0023018280044198038},"rotation":{"x":0.04820247367024422,"y":-0.792227566242218,"z":0.06311564892530441,"w":0.605053186416626},"size":0.015797067433595659,"orthographic":false}